who is,II
who are,II
who are ,II
what is ,II
what is a ,II
what is an,II
what are,II
get me stuff on,I
get me info on,I
get us stuff on,I
get us info on ,I
get me information on,I
get us information on,I
get me some stuff on,I
get us some stuff on,I
get me some information on,I
get us some information on,I
get me stuff about,I
get me info about,I
get us stuff about,I
get us info about ,I
get me information about,I
get us information about,I
get me some stuff about,I
get us some stuff about,I
get me some information about,I
get us some information about,I
can you get me stuff on,I
can you get me info on,I
can you get us stuff on,I
can you get us info on ,I
can you get me information on,I
can you get us information on,I
can you get me some stuff on,I
can you get us some stuff on,I
can you get me some information on,I
can you get us some information on,I
can you get me stuff about,I
can you get me info about,I
can you get us stuff about,I
can you get us info about ,I
can you get me information about,I
can you get us information about,I
can you get me some stuff about,I
can you get us some stuff about,I
can you get me some information about,I
can you get us some information about,I
give me stuff on,I
give me info on,I
give us stuff on,I
give us info on ,I
give me information on,I
give us information on,I
give me some stuff on,I
give us some stuff on,I
give me some information on,I
give us some information on,I
give me stuff about,I
give me info about,I
give us stuff about,I
give us info about ,I
give me information about,I
give us information about,I
give me some stuff about,I
give us some stuff about,I
give me some information about,I
give us some information about,I
can you give me stuff on,I
can you give me info on,I
can you give us stuff on,I
can you give us info on ,I
can you give me information on,I
can you give us information on,I
can you give me some stuff on,I
can you give us some stuff on,I
can you give me some information on,I
can you give us some information on,I
can you give me stuff about,I
can you give me info about,I
can you give us stuff about,I
can you give us info about ,I
can you give me information about,I
can you give us information about,I
can you give me some stuff about,I
can you give us some stuff about,I
can you give me some information about,I
can you give us some information about,I
tell me stuff on,I
tell me info on,I
tell us stuff on,I
tell us info on ,I
tell me information on,I
tell us information on,I
tell me some stuff on,I
tell us some stuff on,I
tell me some information on,I
tell us some information on,I
tell me stuff about,I
tell me info about,I
tell us stuff about,I
tell us info about ,I
tell me information about,I
tell us information about,I
tell me some stuff about,I
tell us some stuff about,I
tell me some information about,I
tell us some information about,I
can you tell me stuff on,I
can you tell me info on,I
can you tell us stuff on,I
can you tell us info on ,I
can you tell me information on,I
can you tell us information on,I
can you tell me some stuff on,I
can you tell us some stuff on,I
can you tell me some information on,I
can you tell us some information on,I
can you tell me stuff about,I
can you tell me info about,I
can you tell us stuff about,I
can you tell us info about ,I
can you tell me information about,I
can you tell us information about,I
can you tell me some stuff about,I
can you tell us some stuff about,I
can you tell me some information about,I
can you tell us some information about,I
teach me stuff on,I
teach me info on,I
teach us stuff on,I
teach us info on ,I
teach me information on,I
teach us information on,I
teach me some stuff on,I
teach us some stuff on,I
teach me some information on,I
teach us some information on,I
teach me stuff about,I
teach me info about,I
teach us stuff about,I
teach us info about ,I
teach me information about,I
teach us information about,I
teach me some stuff about,I
teach us some stuff about,I
teach me some information about,I
teach us some information about,I
can you teach me stuff on,I
can you teach me info on,I
can you teach us stuff on,I
can you teach us info on ,I
can you teach me information on,I
can you teach us information on,I
can you teach me some stuff on,I
can you teach us some stuff on,I
can you teach me some information on,I
can you teach us some information on,I
can you teach me stuff about,I
can you teach me info about,I
can you teach us stuff about,I
can you teach us info about ,I
can you teach me information about,I
can you teach us information about,I
can you teach me some stuff about,I
can you teach us some stuff about,I
can you teach me some information about,I
can you teach us some information about,I
I need stuff on,I
I need info on,I
we need stuff on,I
we need info on ,I
I need information on,I
we need information on,I
I need some stuff on,I
we need some stuff on,I
I need some information on,I
we need some information on,I
I need stuff about,I
I need info about,I
we need stuff about,I
we need info about ,I
I need information about,I
we need information about,I
I need some stuff about,I
we need some stuff about,I
I need some information about,I
we need some information about,I
I want to learn stuff on,I
I want to learn info on,I
we want to learn stuff on,I
we want to learn info on ,I
I want to learn information on,I
we want to learn information on,I
I want to learn some stuff on,I
we want to learn some stuff on,I
I want to learn some information on,I
we want to learn some information on,I
I want to learn stuff about,I
I want to learn info about,I
we want to learn stuff about,I
we want to learn info about ,I
I want to learn information about,I
we want to learn information about,I
I want to learn some stuff about,I
we want to learn some stuff about,I
I want to learn some information about,I
we want to learn some information about,I
help me with stuff on,I
help me with info on,I
help us with stuff on,I
help us with info on ,I
help me with information on,I
help us with information on,I
help me with some stuff on,I
help us with some stuff on,I
help me with some information on,I
help us with some information on,I
help me with stuff about,I
help me with info about,I
help us with stuff about,I
help us with info about ,I
help me with information about,I
help us with information about,I
help me with some stuff about,I
help us with some stuff about,I
help me with some information about,I
help us with some information about,I
can you help me with stuff on,I
can you help me with info on,I
can you help us with stuff on,I
can you help us with info on ,I
can you help me with information on,I
can you help us with information on,I
can you help me with some stuff on,I
can you help us with some stuff on,I
can you help me with some information on,I
can you help us with some information on,I
can you help me with stuff about,I
can you help me with info about,I
can you help us with stuff about,I
can you help us with info about ,I
can you help me with information about,I
can you help us with information about,I
can you help me with some stuff about,I
can you help us with some stuff about,I
can you help me with some information about,I
can you help us with some information about,I
tell me about,I
tell us about,I
teach me about,I
teach us about,I
can you tell me about,I
can you tell us about,I
can you teach me about,I
can you teach us about,I
How much is a,II
 how much are the ,II
what is the difference ,II
Does,II
Is that ,II 
What is happening ,II
what is the ,II
Whats happening with,II
Is it,II
Is ,II
Has ,II
How ,II
Can you give me ,II
What ,II
Any,II
What are your thoughts on,III
What do you think about ,III
Do you think,III
What are people saying about,III
What do people think about,III
What are people saying,III
What are x people saying about,III
What do x people think about,III
How does it work,IV
How does that work,IV
Can you explain how it works,IV
Can you explain how that works?,IV
Can you give me an explanation?,IV
I need an explanation for,IV
Why is it that,IV
Why don’t,IV
Why doesn’t,IV
How is it that,II
Explain how can,IV
How can,II
How do,II
I don't understand,IV
I don't get ,IV
Shouldn't it be ,IV
I need an explanation on,IV
Shouldn't ,IV
Can you explain how,IV
I don't get it,IV
Why can't,IV
Why can ,IV
Can you explain why can,IV
Explain why can,IV
